{"mean_outer_loss": 0.6522263237833975, "accuracies_after": 0.7695200133323669, "precision_after": 0.7851127791404725}