{"mean_outer_loss": 0.44001342684030526, "accuracies_after": 0.8512239903211597, "precision_after": 0.8591483801603315}