{"mean_outer_loss": 1.4830173337459567, "accuracies_after": 0.5069200065732002, "precision_after": 0.4117480009794234}