{"mean_outer_loss": 0.9218882453441618, "accuracies_after": 0.7048479914665221, "precision_after": 0.7269254899024963}