{"mean_outer_loss": 0.6812885040044783, "accuracies_after": 0.772919998764992, "precision_after": 0.7816292428970337}