{"mean_outer_loss": 0.7904103028774262, "accuracies_after": 0.7491160023212435, "precision_after": 0.7620470541715618}