{"mean_outer_loss": 0.5033954861760139, "accuracies_after": 0.8256799912452698, "precision_after": 0.8404316002130505}