{"mean_outer_loss": 1.3226493442058562, "accuracies_after": 0.5822599923610684, "precision_after": 0.6017745363712309}