{"mean_outer_loss": 0.8571084713935854, "accuracies_after": 0.6832000058889391, "precision_after": 0.6082400110363959}