{"mean_outer_loss": 1.7205986917018892, "accuracies_after": 0.42580000072717666, "precision_after": 0.32991333752870533}