{"mean_outer_loss": 1.2431868052482602, "accuracies_after": 0.6059700012207033, "precision_after": 0.6211167383193972}