{"mean_outer_loss": 1.0433219760656356, "accuracies_after": 0.5936000132560728, "precision_after": 0.5083999997377399}